knesset,column,wrong_value,correct_value,explanation,source
6,שנה (year),1969,1965,"The 6th Knesset was elected in November 1965 (government formed January 1966). 1969 is the 7th Knesset's year, so it appears twice.",https://jewishvirtuallibrary.org/number-of-female-members-of-knesset
6,מספר שרות ביום הקמת הממשלה (women ministers),1,0,"Golda Meir's term as Foreign Minister ended on 12 January 1966, the day Eshkol's 13th government was formed. No woman sat in that government at its start.",https://en.wikipedia.org/wiki/List_of_female_cabinet_ministers_of_Israel ; https://en.idi.org.il/articles/25552
8,שנה (year),1974,1973,"Inconsistent with the other rows: the 8th Knesset was elected on 31 December 1973. 1974 is the year Golda Meir's government was formed (10 March 1974). Keep 1974 only if the column is meant to show the government's formation year.",https://jewishvirtuallibrary.org/number-of-female-members-of-knesset
8,מספר שרות ביום הקמת הממשלה (women ministers),2,1,"Golda Meir's 16th government (March 1974) had one woman, Meir herself. Shulamit Aloni joined only in Rabin's next government (3 June 1974), when Meir was no longer in it.",https://en.wikipedia.org/wiki/List_of_female_cabinet_ministers_of_Israel ; https://en.idi.org.il/articles/25552
10,מספר שרות ביום הקמת הממשלה (women ministers),1,0,"Begin's 2nd government (August 1981) had no women. Sarah Doron became Minister without Portfolio in July 1983 and was described as the first woman in the cabinet since Aloni resigned in 1974. (One biography gives 1981, but most sources give 1983.)",https://en.wikipedia.org/wiki/List_of_female_cabinet_ministers_of_Israel ; https://en.wikipedia.org/wiki/Sarah_Doron
11,מספר שרות ביום הקמת הממשלה (women ministers),1,0,"Sarah Doron's term ended in September 1984, when Peres's unity government was formed (13 September 1984). Shoshana Arbeli-Almozlino became Health Minister only on 20 October 1986.",https://en.wikipedia.org/wiki/List_of_female_cabinet_ministers_of_Israel
15,מספר שרות ביום הקמת הממשלה (women ministers),5,1,"Barak's government (6 July 1999) started with one woman, Dalia Itzik (Environment). Yuli Tamir joined on 5 August 1999, so even counting her the total is 2, not 5.",https://en.wikipedia.org/wiki/Twenty-eighth_government_of_Israel ; https://digital.bentley.umich.edu/djnews/djn.1999.07.30.001/25 ; https://en.idi.org.il/articles/25552
16,מספר שרות ביום הקמת הממשלה (women ministers),4,3,"Sharon's 2nd government (28 February 2003) had three women: Limor Livnat (Education), Tzipi Livni (Immigrant Absorption) and Yehudit Naot (Environment).",https://en.wikipedia.org/wiki/Thirtieth_government_of_Israel ; https://en.wikipedia.org/wiki/List_of_female_cabinet_ministers_of_Israel
16,מספר חברות הכנסת (women MKs),17,18 (sources disagree),"Uncertain: the Jewish Virtual Library lists 18 women elected in 2003, while Encyclopedia.com gives 17. Check against the Knesset's official compilation.",https://jewishvirtuallibrary.org/number-of-female-members-of-knesset ; https://main.knesset.gov.il/EN/activity/mmm/WomenintheKnessetCompiledData.pdf
17,מספר שרות ביום הקמת הממשלה (women ministers),3,2,"Olmert's government (4 May 2006) had two women: Tzipi Livni and Yuli Tamir. Ruhama Avraham joined in July 2007. Kenig's table (cited by JWA) also gives 2 (8.3%).",https://en.wikipedia.org/wiki/Thirty-first_government_of_Israel ; https://cdn.jwa.org/media/womens-descriptive-represenation-israeli-government-2003-2021
18,מספר שרות ביום הקמת הממשלה (women ministers),3,2,"Netanyahu's 2nd government (31 March 2009) had two women out of 30 ministers: Limor Livnat and Sofa Landver.",https://en.idi.org.il/articles/11757 ; https://en.idi.org.il/articles/34024
20,מספר שרות ביום הקמת הממשלה (women ministers),6,3,"Netanyahu's 4th government (14 May 2015) had three women out of 22 ministers: Ayelet Shaked, Miri Regev and Gila Gamliel. Sofa Landver joined on 30 May 2016.",https://en.idi.org.il/articles/5190 ; https://en.idi.org.il/articles/34024
20,מספר חברות הכנסת (women MKs),29,28 (sources disagree),"Uncertain: the Jewish Virtual Library says a record 28 women were elected in 2015, while the Times of Israel and the Washington Institute give 29. Check against the Knesset's official compilation.",https://jewishvirtuallibrary.org/number-of-female-members-of-knesset ; https://main.knesset.gov.il/EN/activity/mmm/WomenintheKnessetCompiledData.pdf
